Semantic networks in artificial intelligence,"['Lehmann, Fritz [Editor]', 'Rodin, Ervin Y., 1932-']",English,1992,26391254,0080420125,9780080420127
Exploring educational administration : coherentist applications and critical debates,"['Evers, C. W.']",English,1996,34746027,0080427669,9780080427669
International encyclopedia of developmental and instructional psychology,"['Weinert, Franz E., 1930- [Editor; Other]', 'Corte, Erik de [Editor; Other]']",English,1996,34782612,0080429807,9780080429809
Advanced modeling for transit operations and service planning,"['Lam, William H. K. [Editor]', 'Bell, Michael G. H. [Editor]']",English,2007,51528628,0080442064,9780080442068
Current sources &amp; voltage references,"['Harrison, Linden T.']",en,2005,769047229,0080455557,9780080455556
TCP/IP embedded internet applications,"['Insam, Edward']",en,20uu,990051125,0080474551,9780080474557
Visual effects for film and television,[],en,2013,956645700,0080481639,9780080481630
Botnets : The Killer Web Applications.,"['Schiller, Craig A.,']",en,Feb. 2007,506925441,0080500234,9780080500232
Structural shielding design for medical X-ray imaging facilities.,['National Council on Radiation Protection and Measurements'],en,1997,984779135,0080507204,9780080507200
"Acoustic wave sensors : theory, design, and physico-chemical applications","['Ballantine, David Stephen [Other]']",en,1997,769045998,0080523331,9780080523330
Commercial satellite communication,"['Pascall, Stephan C.', 'Withers, D. J. [Author]']",English,1997,840346790,0080523463,9780080523460
"Encyclopedia of Nationalism, Two-Volume Set.","['Motyl, Alexander J. [Editor]']",en,2000,437182606,0080545246,9780080545240
"Computational fluid dynamics in fire Englishineering : theory, modelling and practice","['Yeoh, Guan HEnglish [Author; Editor]', 'Yuen, Kwok Kit [Author; Editor]']",en,2009,719870811,0080570038,9780080570037
Twort's water supply,"['Twort, A. C. 1920-', 'Johnson, K. Michael [Author]', 'Ratnayaka, Don D.', 'Brandt, Malcolm J. [Author]']",en,2009,769049583,0080940846,9780080940847
Atomic force microscopy in process Englishineering : introduction to AFM for improved processes and products,"['Bowen, W. Richard [Author]', 'Hilal, Nidal [Author]']",en,2009,858755870,0080949576,9780080949574
The safety relief valve handbook : design and use of process safety valves to ASME and international codes and standards,"['Hellemans, Marc']",en,2010,824521345,0080961185,9780080961187
Encylopedia [i.e. Encyclopedia] of ocean sciences : ocean currents,"['Thorpe, S. A.', 'Turekian, Karl K.', 'Steele, John H., 1926-2013']",en,2009,751576830,0080964869,9780080964867
"Materials : Englishineering, science, processing and design","['Ashby, M. F. [Author]', 'Shercliff, Hugh [Author]', 'Cebon, David [Author]']",English,2014,852806045,0080977731,9780080977737
Comprehensive inorganic chemistry II : from elements to applications,[],English,2013,850176182,008097774X,9780080977744
"Project management, planning and control : managing Englishineering, construction and manufacturing projects to PMI, APM and BSI standards","['Lester, Albert']",en,2014,984766878,0080983219,9780080983219
"The geological evolution of Australia &amp; New Zealand,","['Campbell, K. S. W. [Author; Contributor]', 'Crook, K. A. W. [Author; Contributor]', 'Brown, D. A. (David Alexander), 1916-2009']",English,1968,856659,0081031866,9780081031865
"The upper secondary school, a comparative survey,","['Spolton, Lewis']",English,1967,767909,0082033536,9780082033530
Africa in the wider world; the inter-relationship of area and comparative studies.,"['Crowder, Michael, 1934-1988 [Editor; Other]', 'Brokensha, David [Editor; Other]', 'Fourah Bay College.']",English,1967,414383,008203544X,9780082035442
"Histology : a color atlas of cytology, histology, and microscopic anatomy","['Hammersen, Frithjof']",English,1980,5310062,0086717421,9780086717429
The morphology of gymnosperms; the structure and evolution of primitive seed-plants,"['Sporne, K. R.']",English,1967,65409345,0090771524,9780090771523
The Domesday book of mammoth pike,"['Buller, Fred']",English,1979,5834594,0091361702,9780091361709
Famous Australians,"['Hetherington, Mollie [Associated name]', 'Portus, G. V. (Garnet Vere), 1883-']",English,1983,10800098,0091482801,9780091482800
The Leo Burnett book of advertising,"['Broadbent, Simon']",English,1984,12551396,0091559804,9780091559809
"A long patrol : an illustrated history of No. 1 Squadron RNZAF, 1930-1984","['Sanders, James, 1911-']",English,1986,35245532,0091636000,9780091636005
The kiss of death,"['Richards, Lou']",English,1989,22449694,0091695015,9780091695019
"Espionage, empire and the secret formula of the world's favourite drink","['Rose, Sarah']",English,2009,175283670,0091797063,9780091797065
The good guide to Britain 2000.,"['Aird, Alisdair']",English,1999,59383748,009187095X,9780091870959
"Slipknot : inside the sickness, behind the masks","['Arnopp, Jason']",English,2001,45899673,0091879337,9780091879334
The Hutchinson book of cat tales.,[],English,2004,59316290,0091893216,9780091893217
I'm coming to take you to lunch,"['Napier-Bell, Simon']",English,2006,62795935,0091897629,9780091897628
The charisma of Adolf Hitler,"['Rees, Laurence, 1957-']",English,2012,810857849,0091917638,9780091917630
The autobiography,"['Botham, Ian']",English,2008,851780356,009192149X,9780091921491
"The fussy eaters' recipe book : 120 fast, tasty and healthy recipes to make mealtimes more fun","['Karmel, Annabel']",English,2007,271491776,0091922844,9780091922849
Ice bear : a natural and unnatural history of the polar bear,"['Mulvaney, Kieran']",English,2011,659229407,0091926106,9780091926106
"3 Commando Brigade, Helmand, Afghanistan","['Southby-Tailyour, Ewen']",English,2008,248982742,0091926955,9780091926953
A new beginning with the dogs of Afghanistan,"['Farthing, Pen']",English,2010,829279154,0091928834,9780091928834
The you code : what your habits say about you,"['James, Judi']",English,2010,440113189,0091929547,9780091929541
Acne and rosacea : the complete guide,"['Bowser, Alison']",English,2010,651072570,0091929709,9780091929701
The good pub guide 2011,[],English,2010,610819607,009193026X,9780091930264
The marriage game : a novel of Queen Elizabeth I,"['Weir, Alison, 1951-']",en,2014,883184841,0091930863,9780091930868
Truth to tell,"['Cheek, Mavis']",English,2010,782023384,0091931673,9780091931674
Williams F1 : the greatest story in British motor-racing told by those who were there,"['Hamilton, Maurice']",English,2009,430987939,009193267X,9780091932671
Gulf War One : real voices from the front line,"['McManners, Hugh']",English,2010,651072577,0091935989,9780091935986
The missing,"['Casey, Jane (Jane E.)']",English,2010,458730141,0091935997,9780091935993
Lost and found my story,"['Bellingham, Lynda']",English,2011,701111602,0091936411,9780091936419
My autobiography,"['Wan, Gok, 1974-']",English,2010,805484674,0091938392,9780091938390
The 4-hour body : the secrets and science of rapid body transformation,"['Ferriss, Timothy']",English,2011,794360696,0091939526,9780091939526
Parenting made easy : how to raise happy children,"['Atkins, B. T. S. (Beryl T. Sue)']",English,2012,772967865,0091940044,9780091940041
The 20th century in poetry,"['Rae, Simon, 1952- [Editor]', 'Hulse, Michael, 1955- [Editor]']",English,2011,751738315,0091940176,9780091940171
A beautiful girl. An evil man. One inspiring true story of courage.,"['Piper, Katie, 1983-']",English,2011,806386432,0091940761,9780091940768
The lady's maid,"['Harrison, Rosina']",English,2011,711053573,0091943515,9780091943516
You can't park there! : the highs and lows of an air ambulance doctor,"['Bleetman, Tony']",English,2012,779244279,009194726X,9780091947262
The Queen's confidante,"['Harper, Karen (Karen S.)']",English,2012,800851998,0091947332,9780091947330
Not in your genes : the real reasons children are like their parents,"['James, Oliver, 1953-']",en,2016,995183734,0091947677,9780091947675
How to guide a loved one through Alzheimer's or dementia and provide the best care.,[],English,2013,826658641,0091948169,9780091948160
Unleash your body's natural fat-burning power and lose 20lbs in 4 weeks.,"['Pomroy, Haylie']",English,2013,847482019,0091948177,9780091948177
Nothing is impossible : my story,"['Dynamo, 1982-']",English,2013,855253687,0091948924,9780091948924
Moranifesto,"['Moran, Caitlin, 1975-']",en,2016,920721205,009194905X,9780091949051
Domestique : the Real-life Ups and Downs of a Tour Pro,"['Wegelius, Charly, 1978-']",English,2013,827950191,0091950937,9780091950934
Girl A : my story.,['Girl A'],English,2013,820107168,0091951348,9780091951344
Osiris,"['Swift, E. J. (Emma J.)']",en,2013,861643599,0091953057,9780091953058
The heat of Betrayal,"['Kennedy, Douglas, 1955-']",en,2015,942145426,0091953723,9780091953720
The clasp,"['Crosley, Sloane']",en,2015,943072948,0091954436,9780091954437
"Good mother, bad mother","['Ford, Gina']",English,2013,855190445,0091954967,9780091954963
The downstairs maid,"['Clarke, Rosie']",English,2014,860757376,0091956099,9780091956097
War Baby.,"['Lane, Lizzie']",en,2015,908705991,0091956609,9780091956608
"A broken world : letters, diaries and memories of the Great War.","['Faulks, Sebastian']",en,2014,898157238,0091958938,9780091958930
Sons + fathers : words and images supporting the Irish Hospice Foundation,[],en,2015,923005483,0091959047,9780091959043
The Fleet Street disaster : British national newspapers as a case study in mismanagement,"['Cleverley, Graham, 1933-']",English,1976,2761872,0094609500,9780094609501
An anthology of erotic verse,[],English,1980,7179041,0094635005,9780094635005
"History of the war in the Peninsula and in the south of France, from the year 1807 to 1814","['Napier, William Francis Patrick, 1785-1860']",English,1995,672614656,0094716803,9780094716803
"Bertrand Russell, 1921-70 : the ghost of madness","['Monk, Ray']",English,2001,49772800,009927275X,9780099272755
Collected short stories [of] W. Somerset Maugham.,"['Maugham, W. Somerset (William Somerset), 1874-1965']",English,2000,,0099287390,9780099287391
Egyptian dawn,"['Temple, Robert K. G.']",English,2011,748237391,0099414686,9780099414681
Patrick O'Brian : the making of the novelist,"['Tolstoy, Nikolai']",English,2005,61260008,0099415844,9780099415848
A dangerous liaison : a revelatory new biography of Simone de Beauvoir and Jean-Paul Sartre,"['Seymour-Jones, Carole']",English,2009,369090677,0099481693,9780099481690
The innocent killer : the true story of a wrongful conviction and its astonishing aftermath,"['Griesbach, Michael']",en,2016,935984456,0099510839,9780099510833
"What your wartime granny could teach you about diet, thrift and going green","['Nicol, Patricia']",English,2010,620092388,0099521121,9780099521129
The echo man,"['Meddekis, Karin, [Translator]', 'Montanari, Richard']",en,2011,751796240,0099524783,9780099524786
The founding gardeners : how the revolutionary generation created an American Eden,"['Wulf, Andrea']",English,2012,758982711,0099525623,9780099525622
Forgotten,"['Lewis, Susan, 1956-']",English,2010,763164210,0099525747,9780099525745
A brighter dawn,"['Harris, Rosie, 1925-']",English,2011,746477643,0099527472,9780099527473
Empress Dowager Cixi : the concubine who launched modern China,"['Chang, Jung, 1952-']",en,2014,990729042,0099532395,9780099532392
Sympathy for the devil,"['Marks, Howard, 1945-2016']",English,2011,748847297,0099532735,9780099532736
Library of the dead,"['Cooper, Glenn, 1953-', 'Kraft, Hans-Peter [Translator; Author; Creator]']",English,2009,786218138,0099542544,9780099542544
Riptide,"['Kemp, Paul S. (Paul Stuart)']",en,2011,743473285,0099542846,9780099542841
It's only a movie : a cinematic autobiography 'inspired by real events',"['Kermode, Mark']",English,2010,653082323,0099543486,9780099543480
The new Machiavelli : how to wield power in the modern world,"['Powell, Jonathan, 1956-']",English,2011,751711324,0099546094,9780099546092
"Home intelligence reports on Britain's finest hour, May-September 1940",[],English,2011,751582021,0099548747,9780099548744
A mistletoe kiss,"['Flynn, Katie']",English,2010,805393555,0099550474,9780099550471
Christmas wishes,"['Flynn, Katie']",English,2011,752775795,0099550539,9780099550532
The runaway,"['Flynn, Katie']",en,2012,761379038,0099550571,9780099550570
I'm not really here,"['Lake, Paul, 1968-']",English,2012,792746579,0099553252,9780099553250
The week-end Wodehouse.,"['Wodehouse, P. G. (Pelham Grenville), 1881-1975']",English,2012,797975075,0099558149,9780099558149
Nine decades of radio voices.,"['Elmes, Simon']",English,2013,826658663,0099559781,9780099559788
The ladys maid,"['Court, Dilly']",English,2012,778325825,0099562553,9780099562559
One minute to midnight,"['Silver, Amy (Novelist)']",English,2011,751829428,0099564637,9780099564638
Confessions : the private school murders,"['Paetro, Maxine [Author]', 'Patterson, James, 1947-']",en,2013,951429824,0099567377,9780099567370
The prophet,"['Cross, Ethan', 'Schmidt, Dietmar, [Translator; Contributor]']",en,2012,828382105,0099570696,9780099570691
Vets in love,"['Woodman, Cathy']",English,2012,802293685,0099570947,9780099570943
Where the heart lies,"['McKinley, Tamara']",English,2013,809935884,0099574632,9780099574637
The woman in black : angel of death,"['Waites, Martyn']",en,2013,973610662,0099588498,9780099588498
"This is your life, Harriet Chance! : a novel","['Evison, Jonathan']",en,2015,957309412,0099592665,9780099592662
I will marry George Clooney (by Christmas),"['Bloom, Tracy, 1971-']",en,2014,945415582,0099594730,9780099594734
"Staying off the beaten track in Englishland &amp; Wales 1998 : a personal selection of moderately priced guest-houses, small hotels, farms and country houses","['Gundrey, Elizabeth']",English,1997,59603430,0099796414,9780099796411
The Fourth Wexford Omnibus incorporating Wolf To The Slaughter. Put On By Cunning. The Speaker Of Mandarin,"['Rendell, Ruth, 1930-2015']",English,1994,60006314,0099848007,9780099848004
"The defence review proposals : second report from the Expenditure Committee, session 1974-75, together with the minutes of the evidence taken on 21st January 1975 and part of the minutes of the evidence taken on 4th and 11th February 1975 before the Defence and External Affairs Sub-committee, and the proceedings of the Committee.",['Great Britain. Parliament. House of Commons. Expenditure Committee'],English,1975,16298725,0100225950,9780100225954
Justice and security : green paper.,['Grande-Bretagne. Ministry of justice'],English,2011,758436551,0101819420,9780101819428
Statute Law Repeals : nineteenth report : Draft Statute Law (Repeals) Bill,"['Great Britain.', 'Great Britain. Law Commission', 'Scottish Law Commission']",English,2012,790681415,0101833024,9780101833028
Human rights and democracy : the 2012 Foreign &amp; Commonwealth Office report,"['Great Britain. Foreign and Commonwealth Office', 'Great Britain.']",English,2012,798615173,010183392X,9780101833929
Report of the Mid Staffordshire NHS Foundation Trust Public Inquiry : executive summary.,['Mid Staffordshire NHS Foundation Trust'],English,2010,828717577,0102981477,9780102981476
Contempt of court (1) : juror misconduct and internet publications,['Great Britain. Law Commission'],English,2013,867572530,010298736X,9780102987362
The EU and the Middle East peace process : 26th report of session 2006-07.,['Great Britain. Parliament. House of Lords. European Union Committee'],und,2007,862668437,010401122X,9780104011225
Surveillance : citizens and the state : 2nd report of session 2008-09,['Great Britain. Parliament. House of Lords. Select Committee on the Constitution'],English,2009,335089329,0104014253,9780104014257
Money laundering and the financing of terrorism : 19th report of session 2008-09,['Great Britain. Parliament. House of Lords. European Union Committee'],English,2009,463238987,0108444694,9780108444692
"""Chekisms"" tales of the Cheka : a KGB anthology",[],English,2008,299709449,0108507092,9780108507090
The hero of Color City,"['Ricci, Christina']",English,1989,21112862,0110976207,9780110976204
Women's [and men's] costumes : London Museum.,"['Halls, Zillah']",English,1970,49093,0112900070,9780112900078
PRINCE 2 pocketbook,['Great Britain. Treasury. Central Computer and Telecommunications Agency'],English,2005,61424428,0113309856,9780113309856
"Guide to the location of collections described in the Reports and Calendars series, 1870-1980",['Great Britain.'],English,1982,9465022,0114401446,9780114401443
"List and analysis of state papers, foreign series : Elizabeth I",[],English,1989,468635870,0114402183,9780114402181
Digest of United Kingdom energy statistics 2010.,['Great Britain'],English,2010,851792861,0115155260,9780115155260
"Railway accident : Report on the collision that occurred on 30th August 1973 at Shields Junction in the Scottish Region, British Railways.",['Great Britain. Department of Transport'],English,1977,876861167,0115504532,9780115504532
Archaeological excavations,['Great Britain. Department of the Environment'],English,1976,59086994,011670781X,9780116707819
LASORS 2006 : the guide for pilots,[],English,2006,63170045,0117905011,9780117905016
International reserves: needs and availability; papers and proceedings.,['International Monetary Fund'],en,1970,2656775,0119813564,9780119813562
Chemistry of marine natural products,"['Scheuer, Paul J.']",en,1973,622054,0120240505,9780120240500
Advances in microbial physiology 9,"['Rose, Anthony H.']",en,1973,761031624,0120277093,9780120277094
Contemporary nonlinear optics,"['Agrawal, G. P. 1951- [Author; Editor; Other]', 'Boyd, Robert W., 1948- [Author; Editor; Other]']",English,1992,24380150,0120451352,9780120451357
"Pyrolysis, theory and industrial practice","['Crynes, Billy L., 1938-', 'Corcoran, William Harrison, 1920-', 'Albright, Lyle Frederick, 1921- [Editor]']",English,1983,8429813,0120488809,9780120488803
The Archaeology of Afghanistan from earliest times to the Timurid period,"['Allchin, F. Raymond (Frank Raymond), 1923-2010']",English,1978,4933523,0120504405,9780120504404
Databases in systematics,"['Systematics Association', 'Allkin, R. [Editor; Other]', 'Bisby, F. A. [Editor; Other]']",English,1984,10985331,0120530406,9780120530403
Transition metal organometallics in organic synthesis.,"['Alper, Howard']",en,1976,491249336,0120531011,9780120531011
Differential equations with applications to mathematical physics,"['Harrell, Evans M. [Author; Editor; Other]', 'Ames, William F. [Author; Editor; Other]', 'Herod, J. V., 1937- [Author; Editor; Other]']",English,1993,26928641,0120567407,9780120567409
The Revival of injured microbes,"['Russell, A. D. 1936- [Editor]', 'Andrew, M. H. E. [Editor]']",English,1984,11297443,0120585200,9780120585205
Attributions and psychological change : applications of attributional theories to clinical and education practice,"['Brewin, Chris [Editor; Other]', 'Antaki, Charles [Editor; Other]']",English,1982,8815906,0120587807,9780120587803
Bacterial energy transduction,"['Anthony, C. [Author; Editor; Other]']",English,1988,21039049,0120588153,9780120588152
Mechanisms of sex differentiation in animals and man,"['Edwards, R. G. 1925-2013 [Author; Editor; Other]', 'Austin, C. R. 1914-2004 [Author; Editor; Other]']",English,1981,7973845,012068540X,9780120685400
Research on exemplary schools,"['Austin, Gilbert R. [Author; Editor; Other]', 'Garber, Herbert [Author; Editor; Other]']",English,1985,11812887,0120685906,9780120685905
Pathology of oxygen,"['Autor, Anne Pomeroy [Author; Other]']",English,1982,8865397,0120686201,9780120686209
Population dynamics of rabies in wildlife,"['Bacon, Philip J. [Editor]']",English,1985,11599180,0120713500,9780120713509
"Automation, mechanization and data handling in microbiology","['Baillie, Ann [Author; Editor]', 'Gilbert, R. J. [Author; Editor]', 'Imperial College of Science and Technology.']",English,1973,95900,0120736500,9780120736508
Animal virology,"['Fox, C. Fred', 'Huang, Alice S', 'Baltimore, David [Editor]']",en,1976,925021460,0120773503,9780120773503
Insect outbreaks,"['Schultz, Jack C. [Author; Editor]', 'Barbosa, Pedro, 1944- [Author; Editor]']",en,1987,892231101,0120781484,9780120781485
Control of RNA stability,[],en,1993,468400013,0120847825,9780120847822
"Resources and population; proceedings of the ninth annual symposium of the Eugenics Society, London, 1972.","['Cox, Peter R., [Author; Editor]', 'Peel, John [Author; Editor]', 'Benjamin, Bernard, 1910- [Author; Editor; Other]']",English,1973,738065,0120883503,9780120883509
Sociological perspectives on labor markets,"['Berg, Ivar E.']",English,1981,7819683,0120896508,9780120896509
"Conformation of biological molecules and polymers; proceedings of an international symposium held in Jerusalem, 3-9 April 1972.","['Bergmann, Ernst David, 1903-1975 [Editor]', 'Aḳademyah ha-leʼumit ha-Yiśreʼelit le-madaʻim', 'Pullman, Bernard, 1919- [Editor]']",English,1973,890798,0120910659,9780120910656
Microbial polysaccharides and polysaccharases,"['Berkeley, R. C. W. [Associated name; Author; Editor]', 'Ellwood, D. C. [Author]', 'Gooday, G. W., 1942- [Author]', 'Society for General Microbiology. Meeting']",English,1979,6119783,0120914506,9780120914500
Magnetism and metallurgy,"['Berkowitz, Ami E., 1926-']",English,1969,58414,0120917017,9780120917013
"Pleasure, reward, preference: their nature, determinants, and role in behavior.","['North Atlantic Treaty Organization.', 'Madsen, K. B. [Editor; Other]', 'Berlyne, D. E. [Editor; Other]']",English,1973,649909,0120925508,9780120925506
Chemosystematics : principles and practice,"['Vaughan, J. G. [Author; Editor]', 'Bisby, F. A. [Author; Editor]', 'Wright, C. A. 1928-1983 [Author; Editor]']",English,1980,7163832,0121015505,9780121015503
The System Englishineer's handbook : a guide to building VMEbus and VXIbus systems,"['Black, John [Editor; Other]']",en,1998,246241562,0121028208,9780121028206
Surface physics of materials,"['Blakely, John McDonald']",English,1975,1256098,0121038017,9780121038014
Political language and oratory in traditional society,"['Bloch, Maurice [Editor; Other]']",English,1975,1940622,0121068501,9780121068509
Some methods for microbiological assay,"['Board, R. G. [Author; Editor]', 'Lovelock, D. W. [Author; Editor]']",English,1975,1426643,0121082407,9780121082406
"Multilevel analysis of educational data : Proceeding of research conference sponsored by the center for research in evaluation,standards and student testing,school of education,UCLA",[],English,1991,18557239,0121088405,9780121088408
Infant and child feeding,"['Bond, Jenny T. [Other]']",English,1981,7278281,0121133508,9780121133504
Animal models in psychopathology,"['Bond, Nigel W. 1949- [Other]']",English,1984,11800890,0121141802,9780121141806
Multiple time scales,"['Cohen, Bruce I. [Other]', 'Brackbill, Jeremiah U. [Editor; Other]']",English,1985,11044697,0121234207,9780121234201
Applications of polymer spectroscopy,"['Brame, Edward G. 1927- [Editor]']",en,1978,874887115,012125450X,9780121254506
Handbook of preparative inorganic chemistry. Volume 1,[],en,1963,220178610,012126601X,9780121266011
Pulse methods in 1D and 2D liquid-phase NMR,"['Brey, Wallace S. [Editor; Other]']",en,1988,801854123,0121331555,9780121331559
Electron-beam technology in microelectronic fabrication,"['Brewer, George Raymond, 1922- [Author; Editor]', 'Ballantyne, J. P. [Associated name; Author]']",en,1980,875876351,012133550X,9780121335502
Molecular approaches to neurobiology,"['Brown, Ian R. [Editor]']",English,1982,7924848,0121370208,9780121370206
"Music theory, special topics",[],English,1981,7774209,0121380807,9780121380809
Estuarine chemistry,"['Liss, P. S. [Editor]', 'Burton, J. D. 1931- [Associated name; Editor]']",und,1976,2851769,0121473503,9780121473501
The Biology of mistletoes,"['Calder, Malcolm, 1933- [Editor]', 'Bernhardt, Peter, 1952- [Editor]']",English,1983,11026679,0121550559,9780121550554
Membrane transport of calcium,"['Carafoli, Ernesto [Editor; Other]']",English,1982,8502879,0121593207,9780121593209
Primitive sensory and communication systems : the taxes and tropisms of micro-organisms and cells,"['Carlile, M. J. 1930- [Editor]']",English,1975,2049924,0121599507,9780121599508
Genetic organization; a comprehensive treatise.,"['Caspari, Ernst W.', 'Ravin, Arnold W. [Author; Editor]']",English,1969,49346,0121633012,9780121633011
Probes of structure and function of macromolecules and membranes.,"['Blasie, J. Kent [Associated name; Author; Editor; Other]', 'Chance, Britton [Author; Editor; Other]', 'Lee, C. P. 1931-2016 [Author; Editor; Other]']",English,1971,159878,0121678016,9780121678012
"Comparative genetics in monkeys, apes, and man; proceedings of a symposium on comparative genetics in primates and human heredity held at Ernice, Sicily, July 1970.","['Chiarelli, Brunetto, 1934- [Associated name; Author; Editor]']",English,1971,339681,0121725308,9780121725303
Polymer liquid crystals,"['Krigbaum, W. R. 1922- [Editor]', 'Ciferri, A. [Associated name; Editor]', 'Meyer, Robert B. [Editor]']",English,1982,750817025,0121746801,9780121746803
Language use and school performance,"['Cicourel, Aaron Victor, 1928- [Author; Other]']",English,1974,1216440,0121749509,9780121749507
Spatial archaeology,"['Clarke, David L., 1937-1976 [Editor]']",English,1977,3239941,0121757501,9780121757502
Themes in the historical geography of France,"['Clout, Hugh D. [Editor]']",English,1977,3294442,0121758508,9780121758509
Sleep and the maturing nervous system.,"['Mayer, Florence E. [Author; Editor; Other]', 'Purpura, Dominick P. [Associated name; Author; Editor; Other]', 'Clemente, Carmine D. [Author; Editor]']",en,1972,925027507,0121762505,9780121762506
Guidebook on molecular modeling in drug design,"['Cohen, N. Claude [Editor]']",English,1996,32745657,012178245X,9780121782450
The Biology of Botrytis,"['Verhoeff, K. [Editor]', 'Jarvis, W. R. [Editor]', 'Coley-Smith, J. R. [Editor; Other]']",English,1980,7875053,012179850X,9780121798505
Radar signals; an introduction to theory and application,"['Cook, Charles E. (Charles Emerson), 1926-', 'Bernfeld, Marvin [Author]']",en,1987,180410066,0121867501,9780121867508
Diseases of the reptilia.,[],und,1981,8431292,0121879011,9780121879013
Assessing the handicaps and needs of mentally retarded children,[],English,1981,8331369,0121880206,9780121880200
Selected topics in hazardous materials,[],en,1993,78732963,012189410X,9780121894108
"Inhibitory processes in attention, memory, and language",[],English,1994,28722624,0122004108,9780122004100
Dynamical systems and cellular automata,"['Demongeot, J. [Editor]', 'Golès, E. [Editor]', 'Tchuente, Maurice, 1951- [Editor]']",English,1985,11676380,0122090608,9780122090608
"Communication, intimacy, and close relationships","['Derlega, Valerian J. [Associated name; Other]']",English,1984,10185532,012210840X,9780122108402
Uncertainty in economics readings and exercises,[],und,1978,3707992,0122148509,9780122148507
Children's oral communication skills,"['Dickson, W. Patrick [Editor]']",English,1981,7174853,0122154509,9780122154508
International economics and development; essays in honor of Raúl Prebisch.,"['Prebisch, Raúl [Honoree; Other]', 'Di Marco, Luis Eugenio [Editor; Other]']",English,1972,539998,0122164504,9780122164507
"High pressure liquid chromatography in clinical chemistry : proceedings of a symposium held at Kings College Hospital Medical School, December 15-16, 1975","[""King's College London."", 'Dixon, Peter Frederick [Editor]']",English,1976,3018115,0122184505,9780122184505
"Prejudice, discrimination, and racism","['Dovidio, John F. [Editor; Other]', 'Gaertner, Samuel L. [Editor; Other]']",English,1986,13559866,0122214250,9780122214257
The Study of prosimian behavior,"['Doyle, Gerald A. 1931-', 'Martin, R. D. 1942- [Author; Editor]', 'Doyle, G. A [Author]']",English,1979,3912930,0122221508,9780122221507
Encyclopedia of telecommunications,"['Meyers, Robert A. 1936-']",English,1989,18325246,0122266919,9780122266911
Encyclopedia of lasers and optical technology,"['Meyers, Robert A. 1936- [Author; Editor; Other]']",English,1991,21677365,0122266935,9780122266935
"Encyclopedia of violence, peace &amp; conflict",[],en,1999,473738123,012227010X,9780122270109
VLSI handbook,"['Einspruch, Norman G. [Author; Editor; Other]']",en,1985,981424789,0122341007,9780122341007
Science and technology of rubber,"['Mark, James E., 1934- [Author; Editor; Other]', 'Eirich, F. R. 1905- [Editor; Other]', 'Erman, Burak [Author; Editor; Other]']",en,1987,177367873,0122343603,9780122343605
Auditory analysis and perception of speech,"['Fant, Gunnar [Editor]', 'Tatham, M. A. A. [Author; Editor]']",en,1975,612185405,0122485505,9780122485503
Nuclear reactor safety,"['Farmer, F. R [Editor]']",en,1977,865080685,0122493508,9780122493508
The Evolutionary significance of the exine,"['Muller, J [Other]', 'Ferguson, I. K. 1938- [Editor; Other]']",English,1976,2526074,0122536509,9780122536502
The Properties of natural and synthetic diamond,"['Field, J. E. [Editor]']",English,1992,59954613,0122553527,9780122553523
Handbook of human factors and the older adult,"['Fisk, Arthur D. [Other]']",English,1997,34354941,0122576802,9780122576805
Bacteria in their natural environments,"['Floodgate, George D. [Editor; Other]', 'Society for General Microbiology.', 'Fletcher, Madilyn [Editor; Other]']",English,1985,12162770,0122605608,9780122605604
Primate behavior,"['Fobes, James L. [Author; Editor]', 'King, James E. 1916- [Author; Editor]']",und,1982,8476301,0122613201,9780122613203
The blue-green algae,"['Fogg, G. E. 1919-2005 [Author; Other]']",en,1974,974143174,0122616502,9780122616501
"Hydrophobic surfaces; Kendall Award Symposium honoring Albert C. Zettlemoyer, at the 155th meeting of the American Chemical Society, San Francisco, Calif., April 1 and 2, 1968.","['Fowkes, Frederick Mayhew, 1915- [Editor; Other]', 'Zettlemoyer, Albert C., 1915- [Honoree]', 'American Chemical Society [Other]']",English,1969,119473,0122630505,9780122630507
"The Brain, cognition, and education","['Klivington, Kenneth A. [Author; Other]', 'Friedman, Sarah L. [Author; Other]', 'Peterson, Rita [Author; Other]']",English,1986,12372457,0122683307,9780122683305
"Recent advances in the chemistry and biochemistry of plant lipids : proceedings of a symposium arranged by the Phytochemical Society and the Lipid Group of the Biochemical Society, University of East Anglia, Norwich, April, 1974","['Galliard, T. [Author; Editor]', 'Mercer, E. I. [Author; Editor]', 'Biochemical Society (Great Britain) [Editor]']",English,1975,1814651,0122740505,9780122740503
"Animal migration, orientation, and navigation","['Gauthreaux, Sidney A. [Editor]']",en,1980,944116555,0122777506,9780122777509
The Uncommon market : essays in the economic history of the Atlantic slave trade,"['Mathematical Social Science Board.', 'Hogendorn, Jan S. [Editor]', 'Gemery, Henry A. [Editor]']",English,1979,4638218,0122798503,9780122798504
The handbook of genetic communicative disorders,"['Gerber, Sanford E. [Editor]']",English,2001,46786839,0122806050,9780122806056
The Development of mathematical thinking,"['Ginsburg, Herbert [Editor; Other]']",English,1983,8452376,0122847806,9780122847806
Handbook of human stress and immunity,"['Glaser, Ronald, 1939- [Editor; Other]', 'Kiecolt-Glaser, Janice K. [Editor; Other]']",English,1997,30594539,012285960X,9780122859601
"Discovering causal structure : artificial intelligence, philosophy of science, and statistical modeling","['Glymour, Clark N. [Author; Contributor]']",English,1987,15198071,0122869621,9780122869624
Behavioral analysis of drug dependence,"['Stolerman, Ian P. [Author; Other]', 'Goldberg, Steven R. [Author; Other]']",English,1986,12078847,0122871405,9780122871405
Temporal organization in cells; a dynamic theory of cellular control processes.,"['Goodwin, Brian C.']",English,1970,552063,0122893506,9780122893506
Genetics and the behavior of domestic animals,"['Grandin, Temple [Author; Editor]', 'Deesing, Mark [Editor]']",en,1998,818449523,0122951301,9780122951305
Equity and justice in social behavior,"['Cohen, Ronald L. 1944- [Associated name; Other]', 'Greenberg, Jerald [Other]']",English,1982,8171872,0122995805,9780122995804
The Effectiveness of early intervention for at-risk and handicapped children,"['Bennett, Forrest C. [Author; Other]', 'Guralnick, Michael J. [Author; Other]']",English,1987,13560080,012307911X,9780123079114
Heat transfer in boiling,"['Hahne, Erich [Editor]', 'Grigull, Ulrich, 1912- [Editor]']",und,1977,2798262,0123144507,9780123144508
"The Chemistry and biochemistry of plant proteins : proceedings of the Phytochemical Society symposium, University of Ghent, Belgium, September 1973","['Harborne, J. B. [Editor]', 'Phytochemical Group', 'Sumere, C. F. van [Associated name; Editor]']",English,1975,1608528,0123246687,9780123246684
Chemistry and biology of nucleosides and nucleotides,"['Harmon, Robert', 'Robins, Roland K.', 'Harmon, Robert E. [Editor; Other]', 'Townsend, Leroy B.']",English,1978,4651789,0123261406,9780123261403
Human ecology in savanna environments,"['Harris, David R. [Author; Editor]', 'Wenner-Gren Foundation for Anthropological Research']",English,1980,6423546,0123265509,9780123265500
Graph theory and its applications; proceedings.,"['Mathematics Research Center (United States. Army)', 'Harris, Bernard, 1926- [Editor]']",English,1970,100263,0123268508,9780123268501
Structure-solubility relationships in polymers,"['Seymour, Raymond B. 1912-1991 [Editor]', 'American Chemical Society.', 'Harris, Frank Wayne, 1942- [Associated name; Editor]']",English,1977,2968531,0123274508,9780123274502
Aspects of sponge biology,"['Harrison, Frederick W. [Associated name; Author]', 'Harrison, F. L.', 'Cowden, Ronald R. [Author]', 'Society for Developmental Biology [Author]']",en,1976,954165512,012327950X,9780123279507
Pollution ecology of estuarine invertebrates,"['Hart, C. W. [Author; Editor]', 'Fuller, Samuel L. H. [Author; Editor]']",en,1979,902241530,0123284406,9780123284402
Coevolution of fungi with plants and animals,"['Pirozynski, K. A. [Editor; Other]', 'Hawksworth, D. L. [Other]']",English,1988,20017369,0123334489,9780123334480
Social policy evaluation : an economic perspective,"['Razin, Assaf [Author]', 'Helpman, Elhanan [Author; Other]', 'Sadka, Efraim [Author]', 'Merkaz le-fituaḥ ʻal-shem P. Sapir']",und,1983,9043774,0123396603,9780123396600
"Recent aspects of nitrogen metabolism in plants; proceedings of a symposium held at Long Ashton Research Station, University of Bristol, 18-19 April 1967.","['Hewitt, E. J. [Author; Editor; Other]', 'Long Ashton Research Station [Editor]', 'Cutting, C. V. [Author; Editor; Other]']",English,1968,440085,0123462509,9780123462503
The Biology and chemistry of the Umbelliferae.,"['Heywood, V. H. 1927- [Editor]']",English,1971,292367,0123469406,9780123469403
Current concepts in plant taxonomy,"['Moore, D. M. [Editor]', 'Heywood, V. H. 1927- [Editor]']",English,1984,11022408,0123470609,9780123470607
"Aerosols and atmospheric chemistry; the Kendall Award Symposium honoring Milton Kerker, at the proceedings of the American Chemical Society, Los Angeles, California, March 28-April 2, 1971.","['Kerker, Milton [Honoree; Other]', 'Hidy, George M [Editor]', 'American Chemical Society [Other]']",en,1972,925038379,0123472504,9780123472502
"Clouds, their formation, optical properties, and effects","['Hobbs, Peter', 'Atmospheric Sciences Laboratory (U.S.)', 'Hobbs, Peter Victor, 1936-2005 [Editor; Other]', 'Deepak, Adarsh [Editor; Other]']",en,1981,925038621,0123507200,9780123507204
Test equating,"['Holland, Paul W.', 'Rubin, Donald B.']",und,1982,8194864,0123525209,9780123525208
The Structure of folk models,"['Stuchlik, Milan [Editor]', 'Holý, Ladislav [Editor]']",English,1981,7173151,0123537509,9780123537508
Quantitative scanning electron microscopy,"['Holt, D. B. [Editor]']",English,1974,1323644,0123538505,9780123538505
Large-scale dynamical processes in the atmosphere,"['Hoskins, Brian [Editor; Other]', 'Pearce, R. P. 1924- [Associated name; Editor; Other]']",English,1983,10151687,0123566800,9780123566805
"Trade, stability, and macroeconomics; essays in honor of Lloyd A. Metzler.","['Samuelson, Paul A. 1915-2009 [Editor; Other]', 'Metzler, Lloyd A. [Honoree; Other]', 'Horwich, George [Editor; Other]']",English,1974,790222,0123567505,9780123567505
Englishlish express,"['Collins, Anne, 1952 June 25-']",English,2003,225614155,0123602432,9780123602435
International review of cytology [44].,[],en,1976,709567508,0123643449,9780123643445
Quantitative planning and control : essays in honor of William Wager Cooper on the occasion of his 65th birthday,"['Whinston, Andrew B. [Editor]', 'Cooper, William W. 1914-2012 [Dedicatee; Other]', 'Ijiri, Yuji [Editor]']",English,1979,4835234,0123704502,9780123704504
Animal behavior,"['Breed, Michael D.', 'Moore, Janice [Author]']",en,2012,803609204,012372581X,9780123725813
"Nutrition and genomics : issues of ethics, law, regulation and communication","['Ries, Nola M. [Author; Editor]', 'Castle, David, 1967- [Editor]']",en,2009,316235104,0123741254,9780123741257
Biomaterials science : an introduction to materials in medicine,"['Hoffman, Allan S. [Contributor; Author; Editor]', 'Schoen, Frederick J. [Author; Contributor; Editor]', 'Ratner, B. D. 1947- [Author; Editor]']",en,2013,857954921,0123746264,9780123746269
Advances in protein chemistry and structural biology.,"['Eisenberg, David S.', 'McPherson, Alexander, 1944-']",en,2009,880315434,0123748275,9780123748270
Essential 3D game programming : how to create a playable game from start to finish,"['Millington, Ian']",English,2011,660519079,0123751039,9780123751034
Encylopedia [i.e. Encyclopedia] of ocean sciences : elements of physical oceanography,"['Thorpe, S. A. [Editor]']",English,2009,,0123757215,9780123757210
Synthetic multidentate macrocyclic compounds,"['Izatt, Reed M., 1926- [Editor]', 'Christensen, James J., 1931- [Editor]']",en,1978,638772805,0123776503,9780123776501
Enzymatic basis of detoxication,[],en,1980,310660690,0123800013,9780123800015
Solid state chemical sensors,"['Huber, Robert J. [Editor; Other]', 'Janata, Jiří [Editor; Other]']",en,1985,925040616,0123802105,9780123802101
Cognitive processes of nonhuman primates.,"['Jarrard, Leonard E., 1930- [Editor]', 'Geschwind, Norman [Other]']",en,1971,925040587,0123808502,9780123808509
Insect control : biological and synthetic agents,"['Gill, Sarjeet S. [Editor]', 'Gilbert, Lawrence I. 1929- [Editor]']",en,2010,641875400,0123814499,9780123814494
The Endocrine hypothalamus,"['Hutchinson, J. S. M. [Author; Editor]', 'Jeffcoate, S. L. [Author; Editor]']",English,1978,4686682,0123821509,9780123821508
Handbook of milk composition,"['Jensen, Robert G. [Author; Editor]']",English,1995,31969570,0123844304,9780123844309
"Advances in child development and behavior, v.40",[],en,2011,816477499,0123864917,9780123864918
Handbook of pharmacogenomics and stratified medicines,"['Padmanabhan, Sandosh [Editor of compilation]']",English,2014,868199686,0123868823,9780123868824
Marine pollution,"['Johnston, R [Editor]']",English,1976,2921349,0123876508,9780123876508
Spider physiology and behaviour : physiology,[],en,2011,751795155,0123876680,9780123876683
The Shaping of southern Englishland,[],English,1980,6813682,0123889502,9780123889508
Encyclopedia of cell biology,"['Bradshaw, Ralph A., 1941- [Editor]', 'Stahl, P. [Editor]']",en,9999,897457009,0123944473,9780123944474
R and data mining : examples and case studies,"['Zhao, Yanchang, 1977-']",en,2013,847110498,0123969638,9780123969637
Placebo and pain : from bench to bedside,"['Flaten, Magne Arve [Publishing director; Contributor; Editor]', 'Colloca, Luana [Publishing director; Contributor; Editor]', 'Meissner, Karin, 1964- [Publishing director; Contributor; Editor]']",en,2013,881850643,0123979315,9780123979315
Studies in spline functions and approximation theory,"['Karlin, Samuel, 1923-2007 [Associated name; Author; Editor]']",English,1976,2181121,012398565X,9780123985651
"The Role of products of the histocompatibility gene complex in immune responses : [proceedings of an international conference held at Brook Lodge, Augusta, Michigan, November 3-7, 1975]","['Benacerraf, Baruj, 1920-2011 [Editor]', 'Katz, David H. [Associated name; Editor]']",English,1976,3017952,012401660X,9780124016606
Shale oil production processes,"['Speight, James G.']",English,2012,960424435,0124017215,9780124017214
Agrammatism,"['Kean, Mary-Louise [Author; Other]']",English,1985,11113483,0124028306,9780124028302
Polycrystalline and amorphous thin films and devices,"['Kazmerski, Lawrence L. [Editor]']",en,1980,902074340,0124038808,9780124038806
"The claustrum : structural, functional, and clinical neuroscience","['Edelstein, Lawrence R. [Editor]', 'Ramachandran, V. S. [Editor]', 'Smythies, John R. 1922- [Editor]']",en,2014,913060851,0124045669,9780124045668
Cloud computing : theory and practice,"['Marinescu, Dan C']",en,2013,952857971,012404641X,9780124046412
Genomic control process : development and evolution,"['Davidson, Eric H., 1937-2015 [Author]', 'Peter, Isabelle S.']",English,2013,802322422,0124047297,9780124047297
The Psychology of the courtroom,"['Bray, Robert M. [Associated name]', 'Kerr, Norbert L.']",English,1996,7795790,0124049206,9780124049208
The basics of cloud computing : understanding the fundamentals of cloud computing in theory and practice,"['Jiang, Hai, 1980-', 'Rountree, Derrick', 'Castrillo, Ileana [Author]']",en,2012,893458620,0124059325,9780124059320
Experimental approaches to psychopathology.,"['Zubin, Joseph, 1900-1990 [Editor]', 'Kietzman, Mitchell L. [Editor]', 'Sutton, Samuel, 1921-1986 [Editor]']",English,1975,1031099,0124067506,9780124067509
Rodent malaria,[],en,1978,422670541,0124071503,9780124071506
From machine-to-machine to the internet of things : introduction to a new age of intelligence,"['Höller, Jan', 'Mulligan, Catherine H. [Author]', 'Tsiatsis, Vlasios, [Author]']",en,2014,941609696,012407684X,9780124076846
Handbook of polygraph testing,"['Kleiner, Murray']",English,2001,47675986,0124137407,9780124137400
"Data structures, computer graphics, and pattern recognition","['Klinger, A. 1937- [Author; Editor]', 'Kunii, Toshiyasu [Editor]', 'Fu, K. S. 1930-1985 [Editor]']",English,1979,2818586,0124150500,9780124150508
Emerging targets &amp; therapeutics in the treatment of psychostimulant abuse,"['Dwoskin, Linda P. [Author; Editor]']",en,2014,879592080,0124201180,9780124201187
Applied virology,"['Kurstak, Edouard [Other]']",en,1984,925634466,0124296017,9780124296015
Nonlinear systems and applications : an international conference,[],English,1977,,0124341500,9780124341500
Applied industrial catalysis v.1,[],en,1983,986946924,0124402011,9780124402010
Metallic contaminants and human health,"['Lee, Douglas H. K. 1905-2005 [Editor]', 'National Institute of Environmental Health Sciences']",English,1972,648021,0124406602,9780124406605
Biology and chemistry of eucaryotic cell surfaces,"['Smith, E. E., [Author; Editor]', 'Lee, E. Y. C.', 'University of Miami.']",en,1974,844347467,0124415504,9780124415508
Microcomputer design and applications,"['Lee, Samuel C., 1937- [Author; Editor]']",English,1977,3002719,0124423507,9780124423503
The Chemical environment,"['Lenihan, J. M. A. [Editor]', 'Fletcher, William W. 1918- [Editor]']",English,1978,4234862,0124435068,9780124435063
Individuals as producers of their development : a life-span perspective,"['Lerner, Richard M. [Author; Editor]', 'Busch-Rossnagel, Nancy A. [Author; Editor]']",ger,1981,7553397,0124445500,9780124445505
Financial decision making under uncertainty,"['Sarnat, Marshall [Editor]', 'Levy, Haim [Editor]']",und,1977,2984500,0124458505,9780124458505
"Hormonal proteins and peptides, volume I",[],English,1973,797649,012447201X,9780124472013
Spatial representation and behavior across the life span : theory and application,"['Liben, Lynn S. [Author; Editor; Other]', 'Patterson, Arthur H. [Author]', 'Newcombe, Nora [Author]']",English,1981,6942901,0124479804,9780124479807
The Cytoskeleton in plant growth and development,"['Lloyd, Clive W. [Editor; Other]']",English,1982,9545715,0124537804,9780124537804
Nonlinear viscoelastic solids,"['Lockett, F. J.']",English,1972,605033,0124543502,9780124543508
Solitons in action,"['Lonngren, Karl E. (Karl Erik), 1938-']",en,1978,901881471,0124555802,9780124555808
Hearing science and hearing disorders,"['Haggard, M. P. [Other]', 'Lutman, M. E. [Other]']",English,1983,9446445,0124604404,9780124604407
Ethnography of fertility and birth,"['MacCormack, Carol P. [Editor]']",English,1982,8546861,0124635504,9780124635500
"Prostaglandins, peptides and amines,","['Mantegazza, P. [Editor]', 'Horton, E. W. [Editor]']",English,1969,64899,0124699502,9780124699502
Practical tissue culture applications,"['Hirumi, Hiroyuki [Author; Editor]', 'Maramorosch, Karl [Author; Editor]']",de,1978,705561007,0124702856,9780124702851
The Single-particle density in physics and chemistry,"['March, Norman H. 1927- [Editor; Other]', 'Deb, B. M. [Editor; Other]']",English,1987,20992555,0124705189,9780124705180
Quantum theory and gravitation,"['Marlow, A. R. [Editor]']",en,1980,925046620,0124732607,9780124732605
Marine pharmacognosy; action of marine biotoxins at the cellular level.,"['Martin, Dean Frederick, 1933-', 'Padilla, George M. [Author; Editor]']",en,1973,645248705,0124745504,9780124745506
Neurochemical aspects of hypothalamic function,"['Martini, Luciano, 1927- [Author; Editor]', 'Meites, Joseph, 1913-2005 [Author; Editor]', 'International Society for Neurochemistry']",en,1970,804231518,0124755607,9780124755604
A Practical guide to protein and peptide purification for microsequencing,"['Matsudaira, Paul T. [Editor; Other]']",English,1989,20016217,012480280X,9780124802803
"The Earth, its origin, structure, and evolution","['Hales, Anton', 'Jaeger, J. C. 1907-1979', 'McElhinny, M. W. [Editor]']",English,1979,5220698,0124827500,9780124827509
Geographical aspects of health : essays in honour of Andrew Learmonth,"['McGlashan, Neil D. [Editor]', 'Learmonth, A. T. A. 1916- [Honoree; Other]', 'Blunden, John, 1934- [Associated name]']",English,1983,10306066,0124837808,9780124837805
Monoclonal antibodies in clinical medicine,"['McMichael, Andrew J. [Editor]', 'Fabre, John W. [Associated name; Editor]']",English,1982,8814969,0124855806,9780124855809
The Social psychology of school learning,"['McMillan, James H. [Editor; Other]']",English,1980,6357307,0124857507,9780124857506
Control processes in neoplasia,"['Hanson, Richard W. [Editor; Other]', 'Mehlman, Myron A. [Editor; Other]']",en,1974,832505476,0124878504,9780124878501
System identification : advances and case studies,"['Mehra, Raman K. [Editor]', 'Lainiotis, Demetrios G. [Editor]']",English,1976,2717181,0124879500,9780124879508
Mantle metasomatism,"['Hawkesworth, C. J. [Editor; Other]', 'Menzies, M. A. [Editor; Other]']",English,1987,20632921,0124910807,9780124910805
Singular perturbations and asymptotics : proceedings of an advanced seminar,"['Parter, Seymour V. [Editor]', 'University of Wisconsin--Madison. [Other]', 'Meyer, Richard E., 1919- [Editor]']",English,1980,6863854,0124932606,9780124932609
Critical issues in social thought,"['Milgate, Murray [Author]', 'Welch, Cheryl B. [Author]']",English,1989,22511311,0124962483,9780124962484
"Speech, language, and communication","['Eimas, Peter D. [Editor; Other]', 'Miller, Joanne L. [Editor; Other]']",en,1995,784456834,0124977707,9780124977709
Multivariate techniques in human communication research,"['Monge, Peter R. [Editor]', 'Cappella, Joseph N. [Associated name; Editor]']",und,1980,5887743,012504450X,9780125044509
"Origins of inbred mice : proceedings of a workshop, Bethesda, Maryland, February 14-16, 1978","['National Institute of Allergy and Infectious Diseases (U.S.)', 'Cancer Research Institute (New York, N.Y.)', 'Morse, Herbert C. [Other]']",en,1978,750609709,0125078501,9780125078504
Thermochemistry of transition metal complexes,"['ASHCROFT, SJ']",English,1970,92014,0125083505,9780125083508
Fibronectin,"['Mosher, Deane F. [Editor; Other]']",en,1989,859599838,0125084706,9780125084703
The Behavior of fish and other aquatic animals,"['Mostofsky, David I. [Author; Editor]']",en,1978,925049436,0125092504,9780125092500
Photodetectors and fiber optics,"['Nalwa, Hari Singh, 1954- [Editor]']",en,2001,427465615,012513908X,9780125139083
Synthesis and applications of DNA and RNA,"['Narang, Saran A. [Editor]']",en,1987,925050043,0125140304,9780125140300
Evoked electrical activity in the auditory nervous system,"['Fernandez, Cesar [Editor]', 'Naunton, Ralph F. [Editor]']",English,1978,4427506,0125149603,9780125149600
Senescence and aging in plants,"['Leopold, A. Carl 1919-2009 [Author; Editor]', 'Noodén, Larry D. [Author; Editor]']",en,1988,757050812,0125209207,9780125209205
Viral immunology and immunopathology,"['Notkins, Abner Louis [Editor]']",English,1975,1735435,0125220502,9780125220507
From Memex to hypertext : Vannevar Bush and the mind's machine,"['Bush, Vannevar, 1890-1974', 'Nyce, James M. [Editor]', 'Kahn, Paul, 1949-']",English,1991,24870981,0125232705,9780125232708
Developmental pragmatics,"['Ochs, Elinor [Editor]', 'Schieffelin, Bambi B. [Editor]']",English,1979,4907850,0125245505,9780125245500
Protein-calorie malnutrition.,"['Olson, Robert E., 1919- [Editor]', 'Mahāwitthayālai Chīang Mai.', 'International Union of Nutritional Sciences']",English,1975,1243836,0125261500,9780125261500
Molecular basis of thyroid hormone action,"['Samuels, Herbert H. [Other]', 'Apriletti, James W.', 'Oppenheimer, Jack H. [Editor; Other]']",English,1983,8764128,0125275609,9780125275606
Reading expository material,"['Otto, Wayne']",English,1982,8305993,0125310501,9780125310505
"Mitochondria : bioenergetics, biogenesis, and membrane structure","['Gómez-Puyou, Armando [Author; Editor]', 'Packer, Lester [Author; Editor]', 'Universidad Nacional de México']",English,1976,2154252,012543460X,9780125434607
Optoacoustic spectroscopy and detection,"['Pao, Yoh-Han [Author; Other]']",en,1977,908888263,0125441509,9780125441506
Adsorption from solution at the solid/liquid interface,"['Rochester, Colin H. [Associated name; Editor; Other]', 'Parfitt, G. D. [Editor; Other]']",English,1983,10095986,0125449801,9780125449809
Large scale scientific computation : proceedings of a conference,"['Parter, Seymour V. [Editor]', 'University of Wisconsin--Madison. [Editor]']",English,1984,10799296,0125460805,9780125460804
"Habituation, sensitization, and behavior","['Petrinovich, Lewis F', 'Peeke, Harman V. S. 1937-']",en,1985,663892467,0125498608,9780125498609
The recovered memory/false memory debate,"['Banks, William P. [Author; Other]', 'Pezdek, Kathy [Author; Other]']",English,1998,34355670,0125529759,9780125529754
Archaic hunters and gatherers in the American Midwest,"['Phillips, James L. [Editor]', 'Brown, James Allison, 1934- [Editor]']",English,1983,9133123,0125539800,9780125539807
Laser annealing of semiconductors,"['Poate, J. M. [Editor]', 'Mayer, James W., 1930- [Editor]']",en,1982,839391106,0125588208,9780125588201
"Norms of word association,","['Postman, Leo Joseph [Editor; Other]', 'Keppel, Geoffrey [Editor; Other]']",English,1970,98744,0125630506,9780125630504
"Nonlinear optimization, 1981","['Powell, M. J. D. 1936- [Author; Editor; Other]']",und,1982,8612551,0125638604,9780125638609
The Effects of infant and child mortality on fertility,"['Preston, Samuel H. [Author; Editor]', 'Barrett, J. C']",English,1978,3415365,012564440X,9780125644402
The Enzymes of glutamine metabolism.,"['Prusiner, Stanley B., 1942- [Editor]', 'Stadtman, Earl R. [Editor]', 'American Chemical Society']",English,1973,640358,0125664508,9780125664509
Surveys in general topology,"['Reed, George M. [Author; Editor]']",English,1980,5888160,0125849605,9780125849609
"Crop processes in controlled environments; proceedings of an international symposium held at the Glasshouse Crops Research Institute, Littlehampton, Sussex, Englishland, July 1971.","['Rees, A. R. 1932- [Creator; Editor]', 'Glasshouse Crops Research Institute (Littlehampton, Englishland)']",English,1972,415559,0125854404,9780125854405
Ecology of halophytes.,"['American Institute of Biological Sciences [Author]', 'Queen, William H. [Editor]', 'Reimold, Robert J. [Editor]']",en,1974,708518751,0125864507,9780125864503
The pollination of flowers by insects,"['Richards, A. J. [Editor]']",English,1978,4587773,012587460X,9780125874601
Lasers: light amplifiers and oscillators;,"['Röss, Dieter, 1932-']",English,1969,21515,0125981503,9780125981507
Social history and social policy,"['Rothman, David J. [Editor]', 'Wheeler, Stanton, 1930- [Editor]']",English,1981,7174847,0125986807,9780125986809
"Plasma protein metabolism; regulation of synthesis, distribution, and degradation.","['Rothschild, Marcus Adolphus, 1924- [Editor]', 'Waldmann, Thomas, 1930- [Editor]']",en,1970,925701686,0125987501,9780125987509
Studies in foundations and combinatorics,"['Rota, Gian-Carlo, 1932-1999 [Editor]']",English,1978,4194540,0125991010,9780125991018
Studies in probability and ergodic theory,"['Rota, Gian-Carlo, 1932-1999 [Editor]']",English,1978,4194333,0125991029,9780125991025
Studies in analysis,"['Rota, Gian-Carlo, 1932-1999 [Editor]']",English,1979,4494760,0125991509,9780125991506
Optical techniques in biological research,"['Rousseau, Denis L. [Editor; Other]']",en,1984,751498808,0125993226,9780125993227
Molecular basis of aging,"['Roy, A. K. [Associated name; Editor]', 'Oakland University', 'Chatterjee, B. [Associated name]']",en,1984,927804260,0126010609,9780126010602
Superconducting devices,"['Rudman, David Albert [Author; Editor; Other]', 'Ruggiero, Steven T. [Author; Editor; Other]']",en,1990,925056196,0126017158,9780126017151
"Teaching of statistics and statistical consulting : proceedings of a conference held at the Ohio State University, November 24-25, 1980","['Ohio State University', 'Wolfe, Douglas A. [Associated name]', 'Rustagi, Jagdish S. [Editor]']",English,1982,8305997,0126045402,9780126045406
Magmatic systems.,"['Ryan, Michael P., 1943- [Author; Other]']",English,1994,29596058,0126050708,9780126050707
Control mechanisms in the expression of cellular phenotypes.,"['Padykula, Helen A., 1924-2006 [Editor]']",en,1970,751383796,0126119090,9780126119091
"The Zoological Society of London, 1826-1976 and beyond : (the proceedings of a symposium held at the Zoological Society of London on 25 and 26 March, 1976)","['Zoological Society of London.', 'Zuckerman, Solly, 1904-1993 [Editor]', 'Zoological Society of London']",English,1976,2724249,0126133409,9780126133400
Animal disease in relation to animal conservation : (the proceedings of a symposium held at the Zoological Society of London on 26 and 27 November 1981),"['McDonnell, Unity [Editor]', 'Zoological Society of London [Editor]', 'Edwards, Marcia A. [Associated name; Editor]']",English,1982,8977795,0126133506,9780126133509
Physiological strategies in lactation : the proceedings of a symposium held at the Zoological Society of London on 11 and 12 November 1982,"['Knight, Christopher H. [Editor]', 'Peaker, Malcolm [Editor]', 'Vernon, R. G. [Associated name; Editor]']",English,1984,12132951,0126133514,9780126133516
Syntax and semantics (discourse and syntax).,[],English,1989,5433891,0126135126,9780126135121
"Endomycorrhizas : proceedings of a symposium held at the University of Leeds, 22-25 July 1974","['Sanders, F.E. University of Leeds Englishland']",English,1975,2129601,0126183503,9780126183504
Physiological genetics,"['Scandalios, John G. [Editor]']",English,1979,5196683,0126209804,9780126209808
Generalized concavity in optimization and economics,"['Ziemba, W. T. [Editor; Other]', 'Schaible, Siegfried [Editor; Other]']",English,1981,7947708,0126211205,9780126211207
Molecular regulation of nuclear events in mitosis and meiosis,"['Rao, Potu N.', 'Halleck, Margaret S.', 'Schlegel, Robert A. [Other]']",English,1987,13945243,0126251150,9780126251159
Evolution of prokaryotes,"['Federation of European Microbiological Societies [Editor]', 'Stackebrandt, Erko [Author; Editor]', 'Schleifer, Karl H. [Author; Editor]', 'Deutsche Forschungsgemeinschaft']",English,1985,12079111,0126251304,9780126251302
Educational policy and management : sex differentials,"['Carlson, Richard O.', 'Charters, W. W. 1921-', 'Schmuck, Patricia A. [Editor; Other]']",English,1981,7596944,0126273502,9780126273502
The Rust fungi,"['Scott, K. J. [Editor]', 'Chakravorty, A. K. [Editor]']",English,1982,8934953,0126335206,9780126335200
Lichen ecology,"['Seaward, M. R. D. [Editor]']",und,1977,3866143,0126343500,9780126343502
Protein turnover and lysosome function,"['Doyle, Darrell J. [Author; Editor]', 'Segal, Harold L. [Author; Editor]']",English,1978,4195030,0126361509,9780126361506
Alternatives to Piaget : critical essays on the theory,"['Siegel, Linda S. [Editor]', 'Brainerd, Charles J. [Editor]']",English,1978,3309962,0126419507,9780126419504
Electrophoretic techniques,"['Whittaker, Mary [Editor]', 'Simpson, C. F. [Editor]']",English,1983,10338343,0126444803,9780126444803
"The Normal microbial flora of man : [a symposium held during the summer conference of the Society for Applied Bacteriology at the University College of Wales, Aberystwyth, in July 1973]","['Skinner, F. A. 1919- [Editor]', 'Society for Applied Bacteriology.', 'Carr, John Geoffrey [Editor]']",English,1974,1202926,0126480400,9780126480405
"The Biochemistry of steroid hormone action: Biochemical Society symposium no. 32, held in University College, London, March 1970,","['Smellie, R. M. S. 1927- [Author; Editor]']",English,1970,137239,0126494509,9780126494501
Ecophysiology of coniferous forests,"['Hinckley, Thomas M. [Contributor; Editor]', 'Smith, William K. 1944- [Editor]']",English,1994,30734319,0126528756,9780126528756
Mutual knowledge,"['Smith, N. V. [Editor]']",English,1982,8455132,0126529809,9780126529807
The Psychology of human movement,"['Wing, Alan M. [Author; Editor; Other]', 'Smyth, Mary M. [Author; Editor; Other]']",English,1984,10948823,0126530203,9780126530209
Immunity to animal parasites.,"['Academia Nacional de Medicina de México', 'World Association for the Advancement of Veterinary Parasitology', 'Soulsby, E. J. L. [Author; Editor]']",English,1972,532375,0126553408,9780126553406
"A History of American physical anthropology, 1930-1980",[],en,1982,260126174,0126566607,9780126566604
Man-made lakes and human health,"['Stanley, N. F. (Neville Fenton), 1918-']",English,1975,1877852,0126635501,9780126635508
Deciphering a shell midden,"['Stein, Julie K. [Author; Editor]']",English,1992,24796937,0126647305,9780126647303
Information processing in motor control and learning,"['Stelmach, George E. [Editor]']",English,1978,4037364,0126659605,9780126659603
Constructs of sociality and individuality,"['Stringer, Peter [Editor]', 'Bannister, D. [Editor]']",English,1979,6215620,0126737509,9780126737509
Surface carbohydrates of the prokaryotic cell,"['Sutherland, Ian W. [Author; Editor]']",English,1977,3780010,0126778507,9780126778502
The Conceptual foundations of descriptive cataloging,"['Svenonius, Elaine']",English,1989,18520535,0126782105,9780126782103
"Fusion, vol 1. : magnetic confinement, part a",[],it,1981,878848297,0126852014,9780126852011
Infrasound and low frequency vibration,"['Tempest, W.']",English,1976,3169375,0126854505,9780126854503
Topics in learning and performance.,"['Thompson, Richard F.']",English,1972,379053,0126894507,9780126894509
New computer architectures,[],English,1984,11709784,0126909806,9780126909807
Essays in general relativity : a festschrift for Abraham Taub,"['Taub, A. H., 1911-1999 [Honoree]', 'Tipler, Frank J. [Author; Editor]']",English,1980,6555663,0126913803,9780126913804
The Biopsychology of development,"['Tobach, Ethel, 1921-2015 [Editor; Other]', 'Aronson, Lester R. 1911-1996 [Editor]', 'Shaw, Evelyn S. [Editor]']",English,1971,241105,0126917507,9780126917505
The Economics of urban amenities,"['Diamond, Douglas B. 1949-', 'Tolley, George S., 1925-']",English,1982,8112616,0126928606,9780126928600
Psychological and educational perspectives on learning disabilities,"['Torgesen, Joseph K. [Editor; Other]', 'Wong, Bernice Y. L. [Editor; Other]']",English,1986,11918776,0126954909,9780126954906
"Dietary fibre, fibre-depleted foods and disease","['Heaton, K. W. [Other]', 'Burkitt, D. P. [Other]', 'Trowell, H. C. [Other]']",English,1985,11399277,0127011609,9780127011608
Introducing language and society,"['Trudgill, Peter']",English,1984,10865975,0127012206,9780127012209
Chinese culture and mental health,"['East-West Culture Learning Institute', 'TsEnglish, Wen-Shing, 1935-', 'Wu, David Y. H.']",en,1985,716424154,0127016309,9780127016306
Organization of memory,"['Bower, Gordon H. [Other]', 'United States.', 'Tulving, Endel [Editor; Other]', 'Donaldson, Wayne, 1910- [Associated name; Editor; Other]']",English,1972,315063,0127036504,9780127036502
Structural issues,[],English,1981,8336525,0127088024,9780127088020
Dynamical systems in social psychology,"['Vallacher, Robin R., 1946- [Author; Editor; Other]', 'Nowak, Andrzej [Author; Editor; Other]']",und,1994,28292353,0127099905,9780127099903
Strategies and techniques of child study,"['Vasta, Ross [Editor]']",English,1982,7837430,0127150803,9780127150802
Pollution and physiology of marine organisms,"['Vernberg, F. John, 1925- [Editor]', 'Belle W. Baruch Institute for Marine Biology and Coastal Research', 'Vernberg, Winona B., 1924- [Editor]']",en,1974,895317655,0127182500,9780127182506
Light and the flowering process,"['British Photobiology Society. International Symposium', 'Cockshull, K. E. [Editor; Other]', 'Thomas, Brian, 1949- [Editor; Other]', 'Vince-Prue, Daphne [Editor; Other]']",English,1984,11157520,0127219609,9780127219608
Nitrogen fixation in legumes,"['Vincent, J. M.']",English,1982,9025579,0127219803,9780127219806
Molecular genetics of sex determination,"['Wachtel, Stephen S. [Author; Editor]']",English,1994,28116155,0127289607,9780127289601
Handbook of the aging brain,"['Wang, E. 1945- [Author; Editor]', 'Snyder, D. Stephen [Author]']",en,1998,807122864,0127346104,9780127346106
Social behavior of female vertebrates,"['Wasser, Samuel K. [Author; Editor]']",en,1983,925635305,0127359508,9780127359502
Molecular aspects of animal development.,"['Weber, Rudolf, 1922-']",English,1975,302349,0127406034,9780127406039
"Introduction to system programming; proceedings of a symposium held at the London School of Economics, July, 1962.","['Brighton College of Technology.', 'London School of Economics and Political Science', 'Wegner, Peter,']",English,1977,843990,0127414509,9780127414508
Prehistory of the Nile Valley,"['Wendorf, Fred [Editor]', 'Schild, Romuald [Author; Editor]', 'Issawi, Bahay [Contributor]']",English,1976,2072351,0127439501,9780127439501
Regional cults,"['Werbner, Richard P. [Editor; Other]']",English,1977,3327056,0127449507,9780127449500
A bibliography for finite elements,"['Whiteman, J. R. (John Robert)']",English,1975,1425766,0127472606,9780127472607
"Soy protein and human nutrition : proceedings of the Keystone Conference on Soy Protein and Human Nutrition, held in Keystone, Colorado, May 22-25, 1978","['Waggle, Doyle H. [Editor]', 'Wilcke, Harold Ludwig, 1906- [Author; Editor]', 'Hopkins, Daniel T. [Author; Editor]']",en,1979,889518351,0127514503,9780127514505
"Moving boundary problems : proceedings of the Symposium and Workshop on Moving Boundary Problems, held at Gatlinburg, Tennessee on September 26-28, 1977","['Wilson, D. G. 1936- [Editor]', 'Solomon, Alan D. [Associated name; Author; Editor]', 'Boggs, Paul T. [Author; Editor]']",English,1978,3770716,012757350X,9780127573502
Prehistoric man and his environments : a case study in the Ozark highland,"['McMillan, R. Bruce 1937- [Author; Editor]', 'Wood, W. Raymond [Author; Editor]']",English,1976,1622030,0127629505,9780127629506
Biology of bryozoans,"['Zimmer, Russel L [Other]', 'Woollacott, Robert M. [Other]']",English,1977,3017252,012763150X,9780127631509
Psychological development in the elementary years,"['Worell, Judith, 1928- [Editor; Other]']",English,1981,7947786,0127640509,9780127640501
New chromosomal syndromes,"['Yunis, Jorge J. [Editor]']",und,1977,2985421,0127751653,9780127751658
Rings that are nearly associative,"['Zhevlakov, Konstantin Aleksandrovich [Author; Other]']",und,1982,8473792,0127798501,9780127798509
Nematodes as biological models,"['Zuckerman, Bert Merton, 1924- [Author]']",en,1980,883028461,0127824014,9780127824017
Structural equation models in the social sciences.,"['Goldberger, Arthur Stanley, 1930- [Editor]', 'Duncan, Otis Dudley [Editor]', 'Social Science Research Council (U.S.)']",English,1973,627820,0127852700,9780127852706
Paleobiogeography,"['Ross, Charles Alexander [Author; Editor]']",English,1976,2366414,0127873651,9780127873657
Time and relational theory : temporal databases in the relational model and SQL,"['Darwen, Hugh [Author; Contributor]', 'Date, C. J.', 'Lorentzos, Nikos A. [Author; Contributor]']",English,2014,879582386,0128006315,9780128006313
Image-guided neurosurgery,"['Golby, Alexandra J. [Editor]']",English,2015,867604478,0128008709,9780128008706
Quantum Machine Learning : What Quantum Computing Means to Data Mining,"['Wittek, Peter']",English,2014,871344595,0128009535,9780128009536
"Innovative approaches in drug discovery : ethnopharmacology, systems biology, and holistic targeting","['Patwardhan, Bhushan', 'Chaguturu, Rathnam [Author; Editor]']",en,2017,984771624,0128018224,9780128018224
Multicultural awareness in the health care professions,"['Julia, Maria C.']",English,1996,32237421,0131422340,9780131422346
Current practices in software development : a guide to successful systems,"['King, David, 1940-']",English,1984,10324963,0131956787,9780131956780
Game mechanics : advanced game design,"['Adams, Ernest', 'Dormans, Joris']",English,2012,,0132946726,9780132946728
"The definitive guide to entertainment marketing : bringing the moguls, the media, and the magic to the world","['Esgate, Patricia [Author]', 'Lieberman, Al']",English,2013,827950216,0133092089,9780133092080
In line behind a billion people : will scarcity stop china from winning the global economic race?,"['Ma, Damien']",English,2014,847541840,0133133893,9780133133899
Office 2013 in Depth,"['Habraken, Joseph W., 1954-']",English,2013,,0133260852,9780133260854
Kodu for kids : the official guide to creating your own video games,"['Kelly, James F. (James Floyd)']",English,2013,,0133381013,9780133381016
CCNA routing and switching portable guide,"['Empson, Scott']",English,2013,,0133381358,9780133381351
Disrupt together : how teams consistently innovate,"['McGowan, Heather [Author; Editor]', 'Spinelli, Stephen, Jr.']",English,2013,871018480,013338411X,9780133384116
Modeling techniques in predictive analytics : business problems and solutions with R,"['Miller, Thomas W.']",English,2014,829989806,0133412938,9780133412932
Hacking Raspberry Pi,"['Warner, Timothy L.']",English,2013,,0133476634,9780133476637
31 days before your CCENT certification exam,"['Johnson, Allan, 1962-']",English,2013,,0133517748,9780133517743
The A-Z guide to modern literary and cultural theorists,"['Sim, Stuart [Editor; Other]']",English,1995,31738005,0133555534,9780133555530
The Handbook of currency and interest rate risk management,"['Schwartz, Robert J., 1946- [Editor]', 'Smith, Clifford W., 1946- [Editor]']",English,1990,21876928,0133819639,9780133819632
Learning Blender : a hands-on guide to creating 3D animated characters,"['Villar, Oliver']",English,2014,870847689,0133886174,9780133886177
The Adobe Photoshop CC book for digital photographers,"['Kelby, Scott']",en,2015,904386696,0133900851,9780133900859
IPhoto,"['Scoppettuolo, Dion']",English,2014,872342566,0133900932,9780133900934
"Copyright workflow for photographers : protecting, managing, and sharing digital images","['Reed, Chris, 1956-']",English,2014,876350121,0133904059,9780133904055
Adobe Photoshop CC : 2015 release,"['Faulkner, Andrew [Author]', 'Chavez, Conrad [Author]', 'Gyncild, Brie [Author]']",en,2015,905318841,0133924440,9780133924442
"Write modern web apps with the MEAN stack : Mongo, Express, AngularJS, and Node.js","['Dickey, Jeff']",English,2014,876883566,0133930157,9780133930153
"Pages, Numbers, and Keynote","['Wood, Mark']",en,2015,911247974,013398706X,9780133987065
NoSQL for mere mortals,"['Sullivan, Dan, 1962-']",en,2015,925492623,0134023218,9780134023212
The Photoshop Elements 14 book for digital photographers,"['Kelby, Scott']",en,2016,945799592,0134290895,9780134290898
Learn Adobe Illustrator CC for graphic design and illustration : Adobe Certified Associate exam preparation,"['Schwartz, Rob [Author]', 'Lourekas, Peter [Author]', 'Wilson, Dena']",en,2016,1007857752,0134397789,9780134397788
Controlling &amp; managing interest-rate risk,"['Cornyn, Anthony G.']",English,1997,36630017,0135704669,9780135704660
New treasury of basketball drills from top coaches,"['Richards, Jack W., 1933-']",English,1982,8170693,0136158641,9780136158646
"Rural carrier, U.S. Postal Service","['Steinberg, Eve P.']",English,1989,19270644,0137844719,9780137844715
A people's history of Australia since 1788,[],English,1988,28991967,0140110550,9780140110555
The woman and her legend,"['Bostridge, Mark']",English,2009,463631919,0140263926,9780140263923
The All over Australia riddle book,[],English,1989,27492654,0140342508,9780140342505
New Zealand a history in pictures,"['Gossage, Peter, 1946-']",English,1997,62060906,0140561552,9780140561555
The dead pool,"['Walker, Sue, 1960-']",English,2007,153553569,0141025670,9780141025674
Monster,"['Hall, Allan (Allan William), 1957-']",English,2008,276222522,0141039701,9780141039701
"The true confessions of Adrian Mole, Margaret Hilda Roberts and Susan Lilian Townsend.","['Townsend, Sue']",English,2012,830024057,0141046449,9780141046440
The killing house,"['Mooney, Chris']",English,2012,779863449,0141049510,9780141049519
Impact,"['Hill, David, 1942-']",English,1999,64713108,014130779X,9780141307794
Cinderella : a princess at last,"['Dhami, Narinder']",English,2003,51108351,0141316438,9780141316437
Picture perfect,"['Swan, Angela, 1982- [Illustrator]', 'Bentley, Sue, 1951-']",English,2008,173238686,0141323485,9780141323480
"Shine on, Daizy Star","['Cassidy, Cathy, 1962-']",English,2009,316424771,0141325194,9780141325194
Circus surprise,"['Swan, Angela, 1982- [Illustrator]', 'Bentley, Sue, 1951-']",English,2009,319204775,0141325976,9780141325972
Danger society : the young Bond dosser,"['Higson, Charles, 1958-']",English,2009,428776247,0141327685,9780141327686
"My best, best friend.","['Child, Lauren']",English,2010,785810148,0141329440,9780141329444
The truth about Tash,"['Higgins, Chris, 1950-']",en,2013,891624298,0141335238,9780141335230
Warrior bronze,"['Paver, Michelle']",en,2016,989052121,0141339357,9780141339351
Shark adventure,"['McGowan, Anthony', 'Price, Willard, 1887-1983']",English,2013,810946183,0141339489,9780141339481
The ring of sky.,"['Bradford, Chris']",English,2012,800852314,0141339721,9780141339726
Ransom,"['Bradford, Chris']",en,2014,908814894,0141340061,9780141340067
Hang on to your whiskers!,[],English,2013,862652437,014134136X,9780141341361
Maude : the not-so-noticeable Shrimpton,"['Child, Lauren']",English,2013,812685918,0141342781,9780141342788
Goodnight tractor,"['Robinson, Michelle (Michelle Jane), 1977-', 'East, Nick [Artist; Illustrator]']",English,2013,822959009,0141342854,9780141342856
Stump Smash crosses the Bone Dragon,"['Beakman, Onk, 1973-']",en,2014,891401858,0141351535,9780141351537
Mabel Jones and the Forbidden City,"['Mabbitt, Will']",en,2016,959255117,0141355328,9780141355320
Romans on the rampage,"['Strong, Jeremy, 1949-', 'Clifford, Rowan [Illustrator]']",en,2015,972682628,0141357711,9780141357713
This is the story of Alison Hubble : who went to bed single and woke up double,"['Ahlberg, Allan']",en,2016,967468155,0141359234,9780141359236
Summerlost : a novel,"['Condie, Allyson Braithwaite']",en,2017,999914227,0141371048,9780141371047
The Young Magicians and the Thieves' Almanac,"['Mohammed, Nick']",en,2017,993417836,0141376996,9780141376998
The King James version,"['Pieńkowski, Jan']",English,2006,234289450,0141382740,9780141382746
Where is Hairy Maclary?,"['Dodd, Lynley']",English,2006,224719634,0141382759,9780141382753
"I really, really need actual ice skates","['Hurst, Bridget']",English,2009,373478714,0141384743,9780141384740
The new small person,"['Child, Lauren']",English,2014,873902091,0141384913,9780141384917
Delilah Darling is in the classroom,"['Willis, Jeanne']",English,2007,137312910,0141500352,9780141500355
Hairy Maclary's hat tricks,"['Dodd, Lynley']",English,2008,226974481,0141501790,9780141501796
Bridget Fidget,"['Berger, Joe, 1970-']",English,2008,230989339,0141501804,9780141501802
Waiting for Wednesday : a Frieda Klein Mystery,"['French, Nicci']",en,2013,932880326,0141964030,9780141964034
Chemins d'exil : Berlin-Los Angeles,"['Juers, Evelyn, 1950-']",en,2012,794866353,0141969466,9780141969466
Edward VI : the last boy king,"['Alford, Stephen, 1970-']",en,2014,910333624,0141976918,9780141976914
Henry III : a simple and god-fearing king,"['Church, S. D.']",en,2017,944462943,014197799X,9780141977997
Strange maps : an atlas of cartographic curiosities,"['Jacobs, Frank']",English,2009,318411671,0142005258,9780142005255
"Data, a love story : how I cracked the online dating code to meet my match","['Webb, Amy, 1974-']",English,2013,869849063,0142180459,9780142180457
Throw the damn ball : classic poetry by dogs,"['Rosen, Richard Dean, 1949-', 'Battles, Rob [Author]', 'Prichett, Harry [Author]']",English,2013,837178802,0142180858,9780142180853
Omens : a Cainsville novel,"['Armstrong, Kelley']",en,2014,970791867,0142181064,9780142181065
Smarter : the new science of building brain power,"['Hurley, Dan, 1957-']",English,2014,871336902,014218165X,9780142181652
The princess and the pea,"['Isadora, Rachel']",English,2007,428764183,0142413933,9780142413937
Just one year,"['Forman, Gayle', 'Schäfer, Stefanie [Translator]', 'FISCHER FJB, [Publisher]']",en,2014,988480839,0142422967,9780142422960
What I thought was true,"['Frischer, Catrin, [Translator; Contributor]', 'Fitzpatrick, Huntley']",en,2015,926088667,0142423955,9780142423950
The secret sky : a novel of forbidden love in Afghanistan,"['Münch, Bettina, 1952- [Translator]', 'Abawi, Atia']",en,2015,956961129,0142424064,9780142424063
The hidden summer,"['Phillips, Gin']",English,2014,861478502,0142425680,9780142425688
The apprentices,"['Meloy, Maile', 'Schoenherr, Ian [Illustrator]']",en,2014,861478504,0142425982,9780142425985
Moxie and the art of rule breaking : a 14 day mystery,"['Dionne, Erin, 1975-']",en,2014,908773143,0142426148,9780142426142
This school year will be the best!,"['Winters, Kay', 'Andriani, Renée [Illustrator]']",English,2013,814454908,0142426962,9780142426968
Landmarks of the Bay of Islands : past and present,"['Gavalas, Marios, 1973-']",English,2008,244390402,0143009818,9780143009818
101 great tramps in New Zealand,"['Pickering, Mark, 1953-']",English,2008,319602886,0143009907,9780143009900
"Hunters, rogues and heroes : selected stories from NZ outdoor hunting magazine","['McKenzie, Connor']",English,2009,401263431,0143011413,9780143011415
"13 December, a reader : the strange case of the attack on the Indian Parliament","['Roy, Arundhati']",English,2006,122262364,014310182X,9780143101826
Hyena in petticoats : the story of suffragette Nellie McClung : a graphic novel,"['Dawson, Willow']",English,2011,753229322,0143177796,9780143177791
Brown eggs and jam jars : family recipes from the kitchen of Simple Bites,"['Wimbush-Bourque, Aimée']",English,2015,880370268,0143193392,9780143193395
Introducing Māori art,"['Brown, Deidre (Deidre Sharon), 1970-', 'Brake, Brian, 1927-1988']",English,2010,651015165,0143205129,9780143205128
Frank and the secret club,"['Oswald, Debra']",English,2005,225682253,0143301179,9780143301172
The puppet show,"['Dubosarsky, Ursula, 1961-']",English,2006,156677557,0143301772,9780143301776
Dads Have No Shame,"['Faulkner, Carol']",English,2005,156774309,0143301780,9780143301783
Rascal plays up,"['Jennings, Paul, 1943-']",English,2009,861329770,014330237X,9780143302377
Problem pony,"['Clark, Sherryl']",English,2006,156731459,0143302590,9780143302599
Black day,"['Hill, David, 1942-']",English,2007,156199093,0143303082,9780143303084
Tan Callahan's secret spy files : the mystery of purple haunt,"['Storer, Jennifer, 1961-']",English,2008,237790225,0143303309,9780143303305
Night hunting,"['Burnside, Deborah, 1969-']",English,2008,233669593,0143303961,9780143303961
Muffin magic,"['White, Kathy, 1966-']",English,2008,228771923,0143303988,9780143303985
Riding high at White Cloud Station,"['Nicholson, Trudy H.']",English,2009,433562902,0143304763,9780143304760
Horse magic,"['Nicholson, Trudy H.']",English,2010,489182360,0143305085,9780143305088
Quin Majik and the Tidy Street catastrophe,"['Beale, Fleur']",English,2010,624595872,0143305530,9780143305538
Andy Roid and the sinister showdown,"['Arena, Felice, 1968-']",English,2012,799156299,0143306081,9780143306085
Alice and the Apple Blossom Fair,"['Bell, Davina', 'Masciullo, Lucia']",English,2012,783417116,0143306308,9780143306306
"Saffron, so quite excellent","['Azaro, Victoria M. (Victoria Martinez)']",English,2012,781477719,0143306936,9780143306931
Go Goanna,"['McKenzie, Heath', ""D'Ath, Justin""]",English,2012,801735738,0143306944,9780143306948
"Rebecca and the Queen of Nations : Rebecca Kelly's story, 1874","['Burnside, Deborah, 1969-']",English,2013,853474261,0143307711,9780143307716
Outback adventure,"['Johnson, Rebecca, 1966-', 'May, Kyla [Illustrator]']",en,2015,914468809,0143308718,9780143308713
RevEnglishe of the stone witch,"['Ingram, Tania']",en,2016,941878222,0143308998,9780143308997
Albert,"['Taylor, William, 1938-2015']",English,2003,155876368,0143318136,9780143318132
"Peter Blake : sailor, adventurer","['Sefton, Alan']",English,2005,166306303,0143318306,9780143318309
Brenda's planetary holiday,"['Shaw, Tina, 1961-']",English,2006,156740565,014331839X,9780143318392
Face it,"['Martin, Denis, 1945-']",English,2006,85818281,0143318403,9780143318408
I'm telling on you,"['McKay, Sandy, 1959-']",English,2006,156740578,0143318446,9780143318446
Fluff helps out,"['Shaw, Tina, 1961-']",English,2006,156208213,0143318500,9780143318507
Talk of the town : stories of twelve Indian cities,"['Pinto, Jerry', 'Srivastava, Rahul [Author]']",English,2008,297212634,0143330136,9780143330134
My yummy mummy guide : from getting pregnant to being a successful working mom and beyond,"['Kapoor, Karishma', 'Banerjee, Madhuri']",English,2013,861739508,0143417282,9780143417286
"Look, there's a hippopotamus in the playground eating cake","['Edwards, Hazel']",English,2006,154265641,0143501402,9780143501404
"Flick, the little fire Englishine","['Lawrence, Jamie, 1970-']",English,2007,174097968,014350214X,9780143502142
Maraea and the albatrosses,"['Grace, Patricia, 1937-']",English,2008,230732001,0143502662,9780143502661
Kei te pēhea koe? = How do you feel?,"['Duncan, Tracy']",English,2008,692197751,0143502832,9780143502838
The girls in the kapahaka,"['Belcher, Angie']",English,2008,501021710,0143503235,9780143503231
Moonrabbit,"['Kelliher, Megan']",English,2009,428819827,0143503359,9780143503354
Le Cafe Petit on O'Sullivan St.,"['McGrath, Raymond']",English,2009,276292645,0143503499,9780143503491
Stories from our night sky,"['Drewery, Melanie']",English,2009,461339969,0143503758,9780143503750
Matariki,"['Drewery, Melanie']",English,2009,320816935,0143503863,9780143503866
The cloak of stars,"['Raymond-Penney, Judith']",English,2010,498381071,0143503995,9780143503996
Itiiti's gift,"['Drewery, Melanie']",English,2009,435645877,0143504088,9780143504085
Bedtime countdown.,[],English,2010,539813416,0143504215,9780143504214
Where's Spot?,"['Hill, Eric, 1927-2014']",mao,2010,631728329,0143504347,9780143504344
The old man and the cat,"['Holcroft, Anthony']",English,2012,811153815,0143504649,9780143504641
The Samoan picture dictionary,[],English,2010,695987600,0143504738,9780143504733
Pepetuna,[],English,2011,707489374,0143504967,9780143504962
Robby &amp; Hoot,"['Cowley, Joy']",English,2011,729528272,0143505033,9780143505037
Colours,"['Williamson, Matthew, 1959-']",English,2012,805394766,0143505548,9780143505549
"Hairy Maclary, hide and seek : a lift the flap book","['Dodd, Lynley']",English,2013,849334367,014350570X,9780143505709
The big flood,"['Johnson, Rebecca, 1966-', 'May, Kyla [Illustrator]']",en,2016,988938887,0143507036,9780143507031
The Raupō phrasebook of modern Māori : the user-friendly guide for all New Zealanders,"['Morrison, Scotty']",English,2011,733544844,0143566105,9780143566106
Frankie Potts and the Wicked Wolves,"['Morris, Phoebe, 1992- [Illustrator]', 'Jacka, Juliet, 1976-']",en,2017,975829397,0143770454,9780143770459
On the count of three,"['Johnson, Maureen, 1973-']",English,2013,821265843,0147508541,9780147508546
Encyclopedia Brown and his best cases ever,"['Sobol, Donald J., 1924-2012']",English,2013,813009130,0147508711,9780147508713
Jenni Rivera : la incréible vida de una mariposa guerrera,"['Cobo, Leila']",es,2013,830314462,0147510309,9780147510303
Shadows,"['McKinley, Robin']",en,2014,870984294,0147512204,9780147512208
Nickel Bay Nick,"['Pitchford, Dean']",English,2014,870919272,0147512271,9780147512277
Dove arising,"['Bao, Karen']",en,2016,907447588,0147512433,9780147512437
Forbidden passage,"['Tebbetts, Christopher [Author]', 'Probst, Jeff, 1962-']",English,2014,876349772,014751388X,9780147513885
Humphrey's playful puppy problem,"['Birney, Betty G.']",English,2014,870983975,0147514843,9780147514844
"Storm across Asia : GEnglishhis Khan and the Mongols, the Mogul expansion",[],English,1980,5940843,0150040296,9780150040293
Telecommunications regulation today and tomorrow,"['Noam, Eli M. [Editor]', 'Columbia University.']",English,1983,9620098,0150042949,9780150042945
After the war was over : 168 masterpieces by Magnum photographers,"['Blume, Mary', 'Bischof, Werner, 1916-1954 [Illustrator]']",English,1985,11677012,0151039607,9780151039609
Manet/Monet/Degas.,"['Manet, Édouard, 1832-1883']",English,1971,262402,0151568502,9780151568505
Young radicals; notes on committed youth.,"['Keniston, Kenneth']",English,1968,420201,0151654328,9780151654321
"Topography, and other poems.","['Stone, Ruth']",English,1971,121436,0151904952,9780151904952
Gulliver travels : a kid's guide to southern California.,[],English,1988,15695922,0152004572,9780152004576
Shadow story,"['Willard, Nancy']",English,1999,39508199,0152016384,9780152016388
"Lives of the scientists : experiments, explosions (and what the neighbors thought)","['Hewitt, Kathryn [Illustrator]', 'Krull, Kathleen']",English,2013,835189574,0152059091,9780152059095
A Dog's life : poems,"['Hopkins, Lee Bennett', 'Richards, Linda Rochester [Illustrator]']",English,1983,8170299,0152239375,9780152239374
The marzipan moon,"['Willard, Nancy', 'Sewall, Marcia [Illustrator]']",English,1981,6861525,0152529632,9780152529635
The house that Jack built,"['Tate, Joan', 'Peppé, Rodney [Illustrator]']",English,1994,95905,0153021012,9780153021015
